<?xml version='1.0' encoding='UTF-8' ?>
<timeLogEntries>
  <time id="1" path="/Non Project/PSP for Engineers/Program 1/Planning" start="@1453497452997" delta="3" />
  <time id="2" path="/Non Project/PSP for Engineers/Program 1/Code" start="@1453497932000" delta="15" />
  <time id="3" path="/Non Project/PSP for Engineers/Program 1/Test" start="@1453498832000" delta="3" />
  <time id="4" path="/Non Project/PSP for Engineers/Program 1/Postmortem" start="@1453499012000" delta="4" interrupt="2" />
  <time id="5" path="/Non Project/PSP for Engineers/Program 1/Design" start="@1453497632000" delta="5" />
  <time id="6" path="/Non Project/PSP for Engineers/Program 2/Planning" start="@1454305886431" delta="5" />
  <time id="7" path="/Non Project/PSP for Engineers/Program 2/Design" start="@1454306196041" delta="8" />
  <time id="8" path="/Non Project/PSP for Engineers/Program 2/Code" start="@1454306699435" delta="12" />
  <time id="9" path="/Non Project/PSP for Engineers/Program 2/Code" start="@1454370339138" delta="28" />
  <time id="10" path="/Non Project/PSP for Engineers/Program 2/Compile" start="@1454372033684" delta="5" interrupt="26" />
  <time id="11" path="/Non Project/PSP for Engineers/Program 2/Compile" start="@1454374001812" delta="5" />
  <time id="12" path="/Non Project/PSP for Engineers/Program 2/Test" start="@1454374279115" delta="6" />
  <time id="13" path="/Non Project/PSP for Engineers/Program 2/Postmortem" start="@1454374633047" delta="6" />
  <time id="14" path="/Non Project/PSP for Engineers/Program 3/Planning" start="@1454640592030" delta="25" interrupt="4" />
  <time id="15" path="/Non Project/PSP for Engineers/Program 3/Design" start="@1454642344964" delta="3" />
  <time id="16" path="/Non Project/PSP for Engineers/Program 3/Code" start="@1454642528965" delta="38" interrupt="1" />
  <time id="17" path="/Non Project/PSP for Engineers/Program 3/Code" start="@1454881581393" delta="4" />
  <time id="18" path="/Non Project/PSP for Engineers/Program 3/Test" start="@1454881838840" delta="3" />
  <time id="19" path="/Non Project/PSP for Engineers/Program 3/Postmortem" start="@1454953194495" delta="6" />
  <time id="20" path="/Non Project/PSP for Engineers/Program 4/Planning" start="@1455345809797" delta="12" />
  <time id="21" path="/Non Project/PSP for Engineers/Program 4/Design" start="@1455346506666" delta="5" />
  <time id="22" path="/Non Project/PSP for Engineers/Program 4/Code" start="@1455346820689" delta="44" />
  <time id="23" path="/Non Project/PSP for Engineers/Program 4/Test" start="@1455349488993" delta="5" interrupt="1325" />
  <time id="24" path="/Non Project/PSP for Engineers/Program 4/Postmortem" start="@1455429288011" delta="10" />
</timeLogEntries>
